INSERT INTO `cat_entidad` (`id_entidad`, `entidad`, `fecha_registro`) VALUES (	1	,"Aguascalientes", null);
INSERT INTO `cat_entidad` (`id_entidad`, `entidad`, `fecha_registro`) VALUES (	2	,"Baja California", null);
INSERT INTO `cat_entidad` (`id_entidad`, `entidad`, `fecha_registro`) VALUES (	3	,"Baja California Sur", null);
INSERT INTO `cat_entidad` (`id_entidad`, `entidad`, `fecha_registro`) VALUES (	4	,"Campeche", null);
INSERT INTO `cat_entidad` (`id_entidad`, `entidad`, `fecha_registro`) VALUES (	7	,"Chiapas", null);
INSERT INTO `cat_entidad` (`id_entidad`, `entidad`, `fecha_registro`) VALUES (	8	,"Chihuahua", null);
INSERT INTO `cat_entidad` (`id_entidad`, `entidad`, `fecha_registro`) VALUES (	5	,"Coahuila", null);
INSERT INTO `cat_entidad` (`id_entidad`, `entidad`, `fecha_registro`) VALUES (	6	,"Colima", null);
INSERT INTO `cat_entidad` (`id_entidad`, `entidad`, `fecha_registro`) VALUES (	9	,"Ciudad de México", null);
INSERT INTO `cat_entidad` (`id_entidad`, `entidad`, `fecha_registro`) VALUES (	10	,"Durango", null);
INSERT INTO `cat_entidad` (`id_entidad`, `entidad`, `fecha_registro`) VALUES (	11	,"Guanajuato", null);
INSERT INTO `cat_entidad` (`id_entidad`, `entidad`, `fecha_registro`) VALUES (	12	,"Guerrero", null);
INSERT INTO `cat_entidad` (`id_entidad`, `entidad`, `fecha_registro`) VALUES (	13	,"Hidalgo", null);
INSERT INTO `cat_entidad` (`id_entidad`, `entidad`, `fecha_registro`) VALUES (	14	,"Jalisco", null);
INSERT INTO `cat_entidad` (`id_entidad`, `entidad`, `fecha_registro`) VALUES (	16	,"Michoacán", null);
INSERT INTO `cat_entidad` (`id_entidad`, `entidad`, `fecha_registro`) VALUES (	17	,"Morelos", null);
INSERT INTO `cat_entidad` (`id_entidad`, `entidad`, `fecha_registro`) VALUES (	15	,"México", null);
INSERT INTO `cat_entidad` (`id_entidad`, `entidad`, `fecha_registro`) VALUES (	18	,"Nayarit", null);
INSERT INTO `cat_entidad` (`id_entidad`, `entidad`, `fecha_registro`) VALUES (	19	,"Nuevo León", null);
INSERT INTO `cat_entidad` (`id_entidad`, `entidad`, `fecha_registro`) VALUES (	20	,"Oaxaca", null);
INSERT INTO `cat_entidad` (`id_entidad`, `entidad`, `fecha_registro`) VALUES (	21	,"Puebla", null);
INSERT INTO `cat_entidad` (`id_entidad`, `entidad`, `fecha_registro`) VALUES (	22	,"Querétaro", null);
INSERT INTO `cat_entidad` (`id_entidad`, `entidad`, `fecha_registro`) VALUES (	23	,"Quintana Roo", null);
INSERT INTO `cat_entidad` (`id_entidad`, `entidad`, `fecha_registro`) VALUES (	24	,"San Luis Potosí", null);
INSERT INTO `cat_entidad` (`id_entidad`, `entidad`, `fecha_registro`) VALUES (	25	,"Sinaloa", null);
INSERT INTO `cat_entidad` (`id_entidad`, `entidad`, `fecha_registro`) VALUES (	26	,"Sonora", null);
INSERT INTO `cat_entidad` (`id_entidad`, `entidad`, `fecha_registro`) VALUES (	27	,"Tabasco", null);
INSERT INTO `cat_entidad` (`id_entidad`, `entidad`, `fecha_registro`) VALUES (	28	,"Tamaulipas", null);
INSERT INTO `cat_entidad` (`id_entidad`, `entidad`, `fecha_registro`) VALUES (	29	,"Tlaxcala", null);
INSERT INTO `cat_entidad` (`id_entidad`, `entidad`, `fecha_registro`) VALUES (	30	,"Veracruz", null);
INSERT INTO `cat_entidad` (`id_entidad`, `entidad`, `fecha_registro`) VALUES (	31	,"Yucatán", null);
INSERT INTO `cat_entidad` (`id_entidad`, `entidad`, `fecha_registro`) VALUES (	32	,"Zacatecas", null);
SET SQL_SAFE_UPDATES = 0;
update cat_entidad set baja=0;

INSERT INTO `cat_unidad_regional` (`id_unidad_regional`, `id_entidad`, `unidad_regional`, `fecha_registro`) VALUES (	1	,	1	, 'Unidad Norte', null);
INSERT INTO `cat_unidad_regional` (`id_unidad_regional`, `id_entidad`, `unidad_regional`, `fecha_registro`) VALUES (	2	,	1	, 'Unidad Sur', null);
INSERT INTO `cat_unidad_regional` (`id_unidad_regional`, `id_entidad`, `unidad_regional`, `fecha_registro`) VALUES (	3	,	1	, 'Unidad Este', null);
INSERT INTO `cat_unidad_regional` (`id_unidad_regional`, `id_entidad`, `unidad_regional`, `fecha_registro`) VALUES (	4	,	1	, 'Unidad Oeste', null);
INSERT INTO `cat_unidad_regional` (`id_unidad_regional`, `id_entidad`, `unidad_regional`, `fecha_registro`) VALUES (	5	,	2	, 'Unidad Norte', null);
INSERT INTO `cat_unidad_regional` (`id_unidad_regional`, `id_entidad`, `unidad_regional`, `fecha_registro`) VALUES (	6	,	2	, 'Unidad Sur', null);
INSERT INTO `cat_unidad_regional` (`id_unidad_regional`, `id_entidad`, `unidad_regional`, `fecha_registro`) VALUES (	7	,	2	, 'Unidad Este', null);
INSERT INTO `cat_unidad_regional` (`id_unidad_regional`, `id_entidad`, `unidad_regional`, `fecha_registro`) VALUES (	8	,	2	, 'Unidad Oeste', null);
INSERT INTO `cat_unidad_regional` (`id_unidad_regional`, `id_entidad`, `unidad_regional`, `fecha_registro`) VALUES (	9	,	3	, 'Unidad Norte', null);
INSERT INTO `cat_unidad_regional` (`id_unidad_regional`, `id_entidad`, `unidad_regional`, `fecha_registro`) VALUES (	10	,	3	, 'Unidad Sur', null);
INSERT INTO `cat_unidad_regional` (`id_unidad_regional`, `id_entidad`, `unidad_regional`, `fecha_registro`) VALUES (	11	,	3	, 'Unidad Este', null);
INSERT INTO `cat_unidad_regional` (`id_unidad_regional`, `id_entidad`, `unidad_regional`, `fecha_registro`) VALUES (	12	,	3	, 'Unidad Oeste', null);
INSERT INTO `cat_unidad_regional` (`id_unidad_regional`, `id_entidad`, `unidad_regional`, `fecha_registro`) VALUES (	13	,	4	, 'Unidad Norte', null);
INSERT INTO `cat_unidad_regional` (`id_unidad_regional`, `id_entidad`, `unidad_regional`, `fecha_registro`) VALUES (	14	,	4	, 'Unidad Sur', null);
INSERT INTO `cat_unidad_regional` (`id_unidad_regional`, `id_entidad`, `unidad_regional`, `fecha_registro`) VALUES (	15	,	4	, 'Unidad Este', null);
INSERT INTO `cat_unidad_regional` (`id_unidad_regional`, `id_entidad`, `unidad_regional`, `fecha_registro`) VALUES (	16	,	4	, 'Unidad Oeste', null);
INSERT INTO `cat_unidad_regional` (`id_unidad_regional`, `id_entidad`, `unidad_regional`, `fecha_registro`) VALUES (	17	,	5	, 'Unidad Norte', null);
INSERT INTO `cat_unidad_regional` (`id_unidad_regional`, `id_entidad`, `unidad_regional`, `fecha_registro`) VALUES (	18	,	5	, 'Unidad Sur', null);
INSERT INTO `cat_unidad_regional` (`id_unidad_regional`, `id_entidad`, `unidad_regional`, `fecha_registro`) VALUES (	19	,	5	, 'Unidad Este', null);
INSERT INTO `cat_unidad_regional` (`id_unidad_regional`, `id_entidad`, `unidad_regional`, `fecha_registro`) VALUES (	20	,	5	, 'Unidad Oeste', null);
INSERT INTO `cat_unidad_regional` (`id_unidad_regional`, `id_entidad`, `unidad_regional`, `fecha_registro`) VALUES (	21	,	6	, 'Unidad Norte', null);
INSERT INTO `cat_unidad_regional` (`id_unidad_regional`, `id_entidad`, `unidad_regional`, `fecha_registro`) VALUES (	22	,	6	, 'Unidad Sur', null);
INSERT INTO `cat_unidad_regional` (`id_unidad_regional`, `id_entidad`, `unidad_regional`, `fecha_registro`) VALUES (	23	,	6	, 'Unidad Este', null);
INSERT INTO `cat_unidad_regional` (`id_unidad_regional`, `id_entidad`, `unidad_regional`, `fecha_registro`) VALUES (	24	,	6	, 'Unidad Oeste', null);
INSERT INTO `cat_unidad_regional` (`id_unidad_regional`, `id_entidad`, `unidad_regional`, `fecha_registro`) VALUES (	25	,	7	, 'Unidad Norte', null);
INSERT INTO `cat_unidad_regional` (`id_unidad_regional`, `id_entidad`, `unidad_regional`, `fecha_registro`) VALUES (	26	,	7	, 'Unidad Sur', null);
INSERT INTO `cat_unidad_regional` (`id_unidad_regional`, `id_entidad`, `unidad_regional`, `fecha_registro`) VALUES (	27	,	7	, 'Unidad Este', null);
INSERT INTO `cat_unidad_regional` (`id_unidad_regional`, `id_entidad`, `unidad_regional`, `fecha_registro`) VALUES (	28	,	7	, 'Unidad Oeste', null);
INSERT INTO `cat_unidad_regional` (`id_unidad_regional`, `id_entidad`, `unidad_regional`, `fecha_registro`) VALUES (	29	,	8	, 'Unidad Norte', null);
INSERT INTO `cat_unidad_regional` (`id_unidad_regional`, `id_entidad`, `unidad_regional`, `fecha_registro`) VALUES (	30	,	8	, 'Unidad Sur', null);
INSERT INTO `cat_unidad_regional` (`id_unidad_regional`, `id_entidad`, `unidad_regional`, `fecha_registro`) VALUES (	31	,	8	, 'Unidad Este', null);
INSERT INTO `cat_unidad_regional` (`id_unidad_regional`, `id_entidad`, `unidad_regional`, `fecha_registro`) VALUES (	32	,	8	, 'Unidad Oeste', null);
INSERT INTO `cat_unidad_regional` (`id_unidad_regional`, `id_entidad`, `unidad_regional`, `fecha_registro`) VALUES (	33	,	9	, 'Unidad Norte', null);
INSERT INTO `cat_unidad_regional` (`id_unidad_regional`, `id_entidad`, `unidad_regional`, `fecha_registro`) VALUES (	34	,	9	, 'Unidad Sur', null);
INSERT INTO `cat_unidad_regional` (`id_unidad_regional`, `id_entidad`, `unidad_regional`, `fecha_registro`) VALUES (	35	,	9	, 'Unidad Este', null);
INSERT INTO `cat_unidad_regional` (`id_unidad_regional`, `id_entidad`, `unidad_regional`, `fecha_registro`) VALUES (	36	,	9	, 'Unidad Oeste', null);
INSERT INTO `cat_unidad_regional` (`id_unidad_regional`, `id_entidad`, `unidad_regional`, `fecha_registro`) VALUES (	37	,	10	, 'Unidad Norte', null);
INSERT INTO `cat_unidad_regional` (`id_unidad_regional`, `id_entidad`, `unidad_regional`, `fecha_registro`) VALUES (	38	,	10	, 'Unidad Sur', null);
INSERT INTO `cat_unidad_regional` (`id_unidad_regional`, `id_entidad`, `unidad_regional`, `fecha_registro`) VALUES (	39	,	10	, 'Unidad Este', null);
INSERT INTO `cat_unidad_regional` (`id_unidad_regional`, `id_entidad`, `unidad_regional`, `fecha_registro`) VALUES (	40	,	10	, 'Unidad Oeste', null);
INSERT INTO `cat_unidad_regional` (`id_unidad_regional`, `id_entidad`, `unidad_regional`, `fecha_registro`) VALUES (	41	,	11	, 'Unidad Norte', null);
INSERT INTO `cat_unidad_regional` (`id_unidad_regional`, `id_entidad`, `unidad_regional`, `fecha_registro`) VALUES (	42	,	11	, 'Unidad Sur', null);
INSERT INTO `cat_unidad_regional` (`id_unidad_regional`, `id_entidad`, `unidad_regional`, `fecha_registro`) VALUES (	43	,	11	, 'Unidad Este', null);
INSERT INTO `cat_unidad_regional` (`id_unidad_regional`, `id_entidad`, `unidad_regional`, `fecha_registro`) VALUES (	44	,	11	, 'Unidad Oeste', null);
INSERT INTO `cat_unidad_regional` (`id_unidad_regional`, `id_entidad`, `unidad_regional`, `fecha_registro`) VALUES (	45	,	12	, 'Unidad Norte', null);
INSERT INTO `cat_unidad_regional` (`id_unidad_regional`, `id_entidad`, `unidad_regional`, `fecha_registro`) VALUES (	46	,	12	, 'Unidad Sur', null);
INSERT INTO `cat_unidad_regional` (`id_unidad_regional`, `id_entidad`, `unidad_regional`, `fecha_registro`) VALUES (	47	,	12	, 'Unidad Este', null);
INSERT INTO `cat_unidad_regional` (`id_unidad_regional`, `id_entidad`, `unidad_regional`, `fecha_registro`) VALUES (	48	,	12	, 'Unidad Oeste', null);
INSERT INTO `cat_unidad_regional` (`id_unidad_regional`, `id_entidad`, `unidad_regional`, `fecha_registro`) VALUES (	49	,	13	, 'Unidad Norte', null);
INSERT INTO `cat_unidad_regional` (`id_unidad_regional`, `id_entidad`, `unidad_regional`, `fecha_registro`) VALUES (	50	,	13	, 'Unidad Sur', null);
INSERT INTO `cat_unidad_regional` (`id_unidad_regional`, `id_entidad`, `unidad_regional`, `fecha_registro`) VALUES (	51	,	13	, 'Unidad Este', null);
INSERT INTO `cat_unidad_regional` (`id_unidad_regional`, `id_entidad`, `unidad_regional`, `fecha_registro`) VALUES (	52	,	13	, 'Unidad Oeste', null);
INSERT INTO `cat_unidad_regional` (`id_unidad_regional`, `id_entidad`, `unidad_regional`, `fecha_registro`) VALUES (	53	,	14	, 'Unidad Norte', null);
INSERT INTO `cat_unidad_regional` (`id_unidad_regional`, `id_entidad`, `unidad_regional`, `fecha_registro`) VALUES (	54	,	14	, 'Unidad Sur', null);
INSERT INTO `cat_unidad_regional` (`id_unidad_regional`, `id_entidad`, `unidad_regional`, `fecha_registro`) VALUES (	55	,	14	, 'Unidad Este', null);
INSERT INTO `cat_unidad_regional` (`id_unidad_regional`, `id_entidad`, `unidad_regional`, `fecha_registro`) VALUES (	56	,	14	, 'Unidad Oeste', null);
INSERT INTO `cat_unidad_regional` (`id_unidad_regional`, `id_entidad`, `unidad_regional`, `fecha_registro`) VALUES (	57	,	15	, 'Unidad Norte', null);
INSERT INTO `cat_unidad_regional` (`id_unidad_regional`, `id_entidad`, `unidad_regional`, `fecha_registro`) VALUES (	58	,	15	, 'Unidad Sur', null);
INSERT INTO `cat_unidad_regional` (`id_unidad_regional`, `id_entidad`, `unidad_regional`, `fecha_registro`) VALUES (	59	,	15	, 'Unidad Este', null);
INSERT INTO `cat_unidad_regional` (`id_unidad_regional`, `id_entidad`, `unidad_regional`, `fecha_registro`) VALUES (	60	,	15	, 'Unidad Oeste', null);
INSERT INTO `cat_unidad_regional` (`id_unidad_regional`, `id_entidad`, `unidad_regional`, `fecha_registro`) VALUES (	61	,	16	, 'Unidad Norte', null);
INSERT INTO `cat_unidad_regional` (`id_unidad_regional`, `id_entidad`, `unidad_regional`, `fecha_registro`) VALUES (	62	,	16	, 'Unidad Sur', null);
INSERT INTO `cat_unidad_regional` (`id_unidad_regional`, `id_entidad`, `unidad_regional`, `fecha_registro`) VALUES (	63	,	16	, 'Unidad Este', null);
INSERT INTO `cat_unidad_regional` (`id_unidad_regional`, `id_entidad`, `unidad_regional`, `fecha_registro`) VALUES (	64	,	16	, 'Unidad Oeste', null);
INSERT INTO `cat_unidad_regional` (`id_unidad_regional`, `id_entidad`, `unidad_regional`, `fecha_registro`) VALUES (	65	,	17	, 'Unidad Norte', null);
INSERT INTO `cat_unidad_regional` (`id_unidad_regional`, `id_entidad`, `unidad_regional`, `fecha_registro`) VALUES (	66	,	17	, 'Unidad Sur', null);
INSERT INTO `cat_unidad_regional` (`id_unidad_regional`, `id_entidad`, `unidad_regional`, `fecha_registro`) VALUES (	67	,	17	, 'Unidad Este', null);
INSERT INTO `cat_unidad_regional` (`id_unidad_regional`, `id_entidad`, `unidad_regional`, `fecha_registro`) VALUES (	68	,	17	, 'Unidad Oeste', null);
INSERT INTO `cat_unidad_regional` (`id_unidad_regional`, `id_entidad`, `unidad_regional`, `fecha_registro`) VALUES (	69	,	18	, 'Unidad Norte', null);
INSERT INTO `cat_unidad_regional` (`id_unidad_regional`, `id_entidad`, `unidad_regional`, `fecha_registro`) VALUES (	70	,	18	, 'Unidad Sur', null);
INSERT INTO `cat_unidad_regional` (`id_unidad_regional`, `id_entidad`, `unidad_regional`, `fecha_registro`) VALUES (	71	,	18	, 'Unidad Este', null);
INSERT INTO `cat_unidad_regional` (`id_unidad_regional`, `id_entidad`, `unidad_regional`, `fecha_registro`) VALUES (	72	,	18	, 'Unidad Oeste', null);
INSERT INTO `cat_unidad_regional` (`id_unidad_regional`, `id_entidad`, `unidad_regional`, `fecha_registro`) VALUES (	73	,	19	, 'Unidad Norte', null);
INSERT INTO `cat_unidad_regional` (`id_unidad_regional`, `id_entidad`, `unidad_regional`, `fecha_registro`) VALUES (	74	,	19	, 'Unidad Sur', null);
INSERT INTO `cat_unidad_regional` (`id_unidad_regional`, `id_entidad`, `unidad_regional`, `fecha_registro`) VALUES (	75	,	19	, 'Unidad Este', null);
INSERT INTO `cat_unidad_regional` (`id_unidad_regional`, `id_entidad`, `unidad_regional`, `fecha_registro`) VALUES (	76	,	19	, 'Unidad Oeste', null);
INSERT INTO `cat_unidad_regional` (`id_unidad_regional`, `id_entidad`, `unidad_regional`, `fecha_registro`) VALUES (	77	,	20	, 'Unidad Norte', null);
INSERT INTO `cat_unidad_regional` (`id_unidad_regional`, `id_entidad`, `unidad_regional`, `fecha_registro`) VALUES (	78	,	20	, 'Unidad Sur', null);
INSERT INTO `cat_unidad_regional` (`id_unidad_regional`, `id_entidad`, `unidad_regional`, `fecha_registro`) VALUES (	79	,	20	, 'Unidad Este', null);
INSERT INTO `cat_unidad_regional` (`id_unidad_regional`, `id_entidad`, `unidad_regional`, `fecha_registro`) VALUES (	80	,	20	, 'Unidad Oeste', null);
INSERT INTO `cat_unidad_regional` (`id_unidad_regional`, `id_entidad`, `unidad_regional`, `fecha_registro`) VALUES (	81	,	21	, 'Unidad Norte', null);
INSERT INTO `cat_unidad_regional` (`id_unidad_regional`, `id_entidad`, `unidad_regional`, `fecha_registro`) VALUES (	82	,	21	, 'Unidad Sur', null);
INSERT INTO `cat_unidad_regional` (`id_unidad_regional`, `id_entidad`, `unidad_regional`, `fecha_registro`) VALUES (	83	,	21	, 'Unidad Este', null);
INSERT INTO `cat_unidad_regional` (`id_unidad_regional`, `id_entidad`, `unidad_regional`, `fecha_registro`) VALUES (	84	,	21	, 'Unidad Oeste', null);
INSERT INTO `cat_unidad_regional` (`id_unidad_regional`, `id_entidad`, `unidad_regional`, `fecha_registro`) VALUES (	85	,	22	, 'Unidad Norte', null);
INSERT INTO `cat_unidad_regional` (`id_unidad_regional`, `id_entidad`, `unidad_regional`, `fecha_registro`) VALUES (	86	,	22	, 'Unidad Sur', null);
INSERT INTO `cat_unidad_regional` (`id_unidad_regional`, `id_entidad`, `unidad_regional`, `fecha_registro`) VALUES (	87	,	22	, 'Unidad Este', null);
INSERT INTO `cat_unidad_regional` (`id_unidad_regional`, `id_entidad`, `unidad_regional`, `fecha_registro`) VALUES (	88	,	22	, 'Unidad Oeste', null);
INSERT INTO `cat_unidad_regional` (`id_unidad_regional`, `id_entidad`, `unidad_regional`, `fecha_registro`) VALUES (	89	,	23	, 'Unidad Norte', null);
INSERT INTO `cat_unidad_regional` (`id_unidad_regional`, `id_entidad`, `unidad_regional`, `fecha_registro`) VALUES (	90	,	23	, 'Unidad Sur', null);
INSERT INTO `cat_unidad_regional` (`id_unidad_regional`, `id_entidad`, `unidad_regional`, `fecha_registro`) VALUES (	91	,	23	, 'Unidad Este', null);
INSERT INTO `cat_unidad_regional` (`id_unidad_regional`, `id_entidad`, `unidad_regional`, `fecha_registro`) VALUES (	92	,	23	, 'Unidad Oeste', null);
INSERT INTO `cat_unidad_regional` (`id_unidad_regional`, `id_entidad`, `unidad_regional`, `fecha_registro`) VALUES (	93	,	24	, 'Unidad Norte', null);
INSERT INTO `cat_unidad_regional` (`id_unidad_regional`, `id_entidad`, `unidad_regional`, `fecha_registro`) VALUES (	94	,	24	, 'Unidad Sur', null);
INSERT INTO `cat_unidad_regional` (`id_unidad_regional`, `id_entidad`, `unidad_regional`, `fecha_registro`) VALUES (	95	,	24	, 'Unidad Este', null);
INSERT INTO `cat_unidad_regional` (`id_unidad_regional`, `id_entidad`, `unidad_regional`, `fecha_registro`) VALUES (	96	,	24	, 'Unidad Oeste', null);
INSERT INTO `cat_unidad_regional` (`id_unidad_regional`, `id_entidad`, `unidad_regional`, `fecha_registro`) VALUES (	97	,	25	, 'Unidad Norte', null);
INSERT INTO `cat_unidad_regional` (`id_unidad_regional`, `id_entidad`, `unidad_regional`, `fecha_registro`) VALUES (	98	,	25	, 'Unidad Sur', null);
INSERT INTO `cat_unidad_regional` (`id_unidad_regional`, `id_entidad`, `unidad_regional`, `fecha_registro`) VALUES (	99	,	25	, 'Unidad Este', null);
INSERT INTO `cat_unidad_regional` (`id_unidad_regional`, `id_entidad`, `unidad_regional`, `fecha_registro`) VALUES (	100	,	25	, 'Unidad Oeste', null);
INSERT INTO `cat_unidad_regional` (`id_unidad_regional`, `id_entidad`, `unidad_regional`, `fecha_registro`) VALUES (	101	,	26	, 'Unidad Norte', null);
INSERT INTO `cat_unidad_regional` (`id_unidad_regional`, `id_entidad`, `unidad_regional`, `fecha_registro`) VALUES (	102	,	26	, 'Unidad Sur', null);
INSERT INTO `cat_unidad_regional` (`id_unidad_regional`, `id_entidad`, `unidad_regional`, `fecha_registro`) VALUES (	103	,	26	, 'Unidad Este', null);
INSERT INTO `cat_unidad_regional` (`id_unidad_regional`, `id_entidad`, `unidad_regional`, `fecha_registro`) VALUES (	104	,	26	, 'Unidad Oeste', null);
INSERT INTO `cat_unidad_regional` (`id_unidad_regional`, `id_entidad`, `unidad_regional`, `fecha_registro`) VALUES (	105	,	27	, 'Unidad Norte', null);
INSERT INTO `cat_unidad_regional` (`id_unidad_regional`, `id_entidad`, `unidad_regional`, `fecha_registro`) VALUES (	106	,	27	, 'Unidad Sur', null);
INSERT INTO `cat_unidad_regional` (`id_unidad_regional`, `id_entidad`, `unidad_regional`, `fecha_registro`) VALUES (	107	,	27	, 'Unidad Este', null);
INSERT INTO `cat_unidad_regional` (`id_unidad_regional`, `id_entidad`, `unidad_regional`, `fecha_registro`) VALUES (	108	,	27	, 'Unidad Oeste', null);
INSERT INTO `cat_unidad_regional` (`id_unidad_regional`, `id_entidad`, `unidad_regional`, `fecha_registro`) VALUES (	109	,	28	, 'Unidad Norte', null);
INSERT INTO `cat_unidad_regional` (`id_unidad_regional`, `id_entidad`, `unidad_regional`, `fecha_registro`) VALUES (	110	,	28	, 'Unidad Sur', null);
INSERT INTO `cat_unidad_regional` (`id_unidad_regional`, `id_entidad`, `unidad_regional`, `fecha_registro`) VALUES (	111	,	28	, 'Unidad Este', null);
INSERT INTO `cat_unidad_regional` (`id_unidad_regional`, `id_entidad`, `unidad_regional`, `fecha_registro`) VALUES (	112	,	28	, 'Unidad Oeste', null);
INSERT INTO `cat_unidad_regional` (`id_unidad_regional`, `id_entidad`, `unidad_regional`, `fecha_registro`) VALUES (	113	,	29	, 'Unidad Norte', null);
INSERT INTO `cat_unidad_regional` (`id_unidad_regional`, `id_entidad`, `unidad_regional`, `fecha_registro`) VALUES (	114	,	29	, 'Unidad Sur', null);
INSERT INTO `cat_unidad_regional` (`id_unidad_regional`, `id_entidad`, `unidad_regional`, `fecha_registro`) VALUES (	115	,	29	, 'Unidad Este', null);
INSERT INTO `cat_unidad_regional` (`id_unidad_regional`, `id_entidad`, `unidad_regional`, `fecha_registro`) VALUES (	116	,	29	, 'Unidad Oeste', null);
INSERT INTO `cat_unidad_regional` (`id_unidad_regional`, `id_entidad`, `unidad_regional`, `fecha_registro`) VALUES (	117	,	30	, 'Unidad Norte', null);
INSERT INTO `cat_unidad_regional` (`id_unidad_regional`, `id_entidad`, `unidad_regional`, `fecha_registro`) VALUES (	118	,	30	, 'Unidad Sur', null);
INSERT INTO `cat_unidad_regional` (`id_unidad_regional`, `id_entidad`, `unidad_regional`, `fecha_registro`) VALUES (	119	,	30	, 'Unidad Este', null);
INSERT INTO `cat_unidad_regional` (`id_unidad_regional`, `id_entidad`, `unidad_regional`, `fecha_registro`) VALUES (	120	,	30	, 'Unidad Oeste', null);
INSERT INTO `cat_unidad_regional` (`id_unidad_regional`, `id_entidad`, `unidad_regional`, `fecha_registro`) VALUES (	121	,	31	, 'Unidad Norte', null);
INSERT INTO `cat_unidad_regional` (`id_unidad_regional`, `id_entidad`, `unidad_regional`, `fecha_registro`) VALUES (	122	,	31	, 'Unidad Sur', null);
INSERT INTO `cat_unidad_regional` (`id_unidad_regional`, `id_entidad`, `unidad_regional`, `fecha_registro`) VALUES (	123	,	31	, 'Unidad Este', null);
INSERT INTO `cat_unidad_regional` (`id_unidad_regional`, `id_entidad`, `unidad_regional`, `fecha_registro`) VALUES (	124	,	31	, 'Unidad Oeste', null);
INSERT INTO `cat_unidad_regional` (`id_unidad_regional`, `id_entidad`, `unidad_regional`, `fecha_registro`) VALUES (	125	,	32	, 'Unidad Norte', null);
INSERT INTO `cat_unidad_regional` (`id_unidad_regional`, `id_entidad`, `unidad_regional`, `fecha_registro`) VALUES (	126	,	32	, 'Unidad Sur', null);
INSERT INTO `cat_unidad_regional` (`id_unidad_regional`, `id_entidad`, `unidad_regional`, `fecha_registro`) VALUES (	127	,	32	, 'Unidad Este', null);
INSERT INTO `cat_unidad_regional` (`id_unidad_regional`, `id_entidad`, `unidad_regional`, `fecha_registro`) VALUES (	128	,	32	, 'Unidad Oeste', null);
SET SQL_SAFE_UPDATES = 0;
update cat_unidad_regional set baja=0;


INSERT INTO `cat_centro_trabajo` VALUES (	1	,	1	,'CT-1', 'Centro de trabajo Desc', 'Gabriela Perez','55555555',0,'Domicilio conocido',null,null,null,null,null,null,null,null,null,0);
INSERT INTO `cat_centro_trabajo` VALUES (	2	,	2	,'CT-2', 'Centro de trabajo Desc', 'Gabriela Perez','55555555',0,'Domicilio conocido',null,null,null,null,null,null,null,null,null,0);
INSERT INTO `cat_centro_trabajo` VALUES (	3	,	3	,'CT-3', 'Centro de trabajo Desc', 'Gabriela Perez','55555555',0,'Domicilio conocido',null,null,null,null,null,null,null,null,null,0);
INSERT INTO `cat_centro_trabajo` VALUES (	4	,	4	,'CT-4', 'Centro de trabajo Desc', 'Gabriela Perez','55555555',0,'Domicilio conocido',null,null,null,null,null,null,null,null,null,0);
INSERT INTO `cat_centro_trabajo` VALUES (	5	,	5	,'CT-5', 'Centro de trabajo Desc', 'Gabriela Perez','55555555',0,'Domicilio conocido',null,null,null,null,null,null,null,null,null,0);
INSERT INTO `cat_centro_trabajo` VALUES (	6	,	6	,'CT-6', 'Centro de trabajo Desc', 'Gabriela Perez','55555555',0,'Domicilio conocido',null,null,null,null,null,null,null,null,null,0);
INSERT INTO `cat_centro_trabajo` VALUES (	7	,	7	,'CT-7', 'Centro de trabajo Desc', 'Gabriela Perez','55555555',0,'Domicilio conocido',null,null,null,null,null,null,null,null,null,0);
INSERT INTO `cat_centro_trabajo` VALUES (	8	,	8	,'CT-8', 'Centro de trabajo Desc', 'Gabriela Perez','55555555',0,'Domicilio conocido',null,null,null,null,null,null,null,null,null,0);
INSERT INTO `cat_centro_trabajo` VALUES (	9	,	9	,'CT-9', 'Centro de trabajo Desc', 'Gabriela Perez','55555555',0,'Domicilio conocido',null,null,null,null,null,null,null,null,null,0);
INSERT INTO `cat_centro_trabajo` VALUES (	10	,	10	,'CT-10', 'Centro de trabajo Desc', 'Gabriela Perez','55555555',0,'Domicilio conocido',null,null,null,null,null,null,null,null,null,0);
INSERT INTO `cat_centro_trabajo` VALUES (	11	,	11	,'CT-11', 'Centro de trabajo Desc', 'Gabriela Perez','55555555',0,'Domicilio conocido',null,null,null,null,null,null,null,null,null,0);
INSERT INTO `cat_centro_trabajo` VALUES (	12	,	12	,'CT-12', 'Centro de trabajo Desc', 'Gabriela Perez','55555555',0,'Domicilio conocido',null,null,null,null,null,null,null,null,null,0);
INSERT INTO `cat_centro_trabajo` VALUES (	13	,	13	,'CT-13', 'Centro de trabajo Desc', 'Gabriela Perez','55555555',0,'Domicilio conocido',null,null,null,null,null,null,null,null,null,0);
INSERT INTO `cat_centro_trabajo` VALUES (	14	,	14	,'CT-14', 'Centro de trabajo Desc', 'Gabriela Perez','55555555',0,'Domicilio conocido',null,null,null,null,null,null,null,null,null,0);
INSERT INTO `cat_centro_trabajo` VALUES (	15	,	15	,'CT-15', 'Centro de trabajo Desc', 'Gabriela Perez','55555555',0,'Domicilio conocido',null,null,null,null,null,null,null,null,null,0);
INSERT INTO `cat_centro_trabajo` VALUES (	16	,	16	,'CT-16', 'Centro de trabajo Desc', 'Gabriela Perez','55555555',0,'Domicilio conocido',null,null,null,null,null,null,null,null,null,0);
INSERT INTO `cat_centro_trabajo` VALUES (	17	,	17	,'CT-17', 'Centro de trabajo Desc', 'Gabriela Perez','55555555',0,'Domicilio conocido',null,null,null,null,null,null,null,null,null,0);
INSERT INTO `cat_centro_trabajo` VALUES (	18	,	18	,'CT-18', 'Centro de trabajo Desc', 'Gabriela Perez','55555555',0,'Domicilio conocido',null,null,null,null,null,null,null,null,null,0);
INSERT INTO `cat_centro_trabajo` VALUES (	19	,	19	,'CT-19', 'Centro de trabajo Desc', 'Gabriela Perez','55555555',0,'Domicilio conocido',null,null,null,null,null,null,null,null,null,0);
INSERT INTO `cat_centro_trabajo` VALUES (	20	,	20	,'CT-20', 'Centro de trabajo Desc', 'Gabriela Perez','55555555',0,'Domicilio conocido',null,null,null,null,null,null,null,null,null,0);
INSERT INTO `cat_centro_trabajo` VALUES (	21	,	21	,'CT-21', 'Centro de trabajo Desc', 'Gabriela Perez','55555555',0,'Domicilio conocido',null,null,null,null,null,null,null,null,null,0);
INSERT INTO `cat_centro_trabajo` VALUES (	22	,	22	,'CT-22', 'Centro de trabajo Desc', 'Gabriela Perez','55555555',0,'Domicilio conocido',null,null,null,null,null,null,null,null,null,0);
INSERT INTO `cat_centro_trabajo` VALUES (	23	,	23	,'CT-23', 'Centro de trabajo Desc', 'Gabriela Perez','55555555',0,'Domicilio conocido',null,null,null,null,null,null,null,null,null,0);
INSERT INTO `cat_centro_trabajo` VALUES (	24	,	24	,'CT-24', 'Centro de trabajo Desc', 'Gabriela Perez','55555555',0,'Domicilio conocido',null,null,null,null,null,null,null,null,null,0);
INSERT INTO `cat_centro_trabajo` VALUES (	25	,	25	,'CT-25', 'Centro de trabajo Desc', 'Gabriela Perez','55555555',0,'Domicilio conocido',null,null,null,null,null,null,null,null,null,0);
INSERT INTO `cat_centro_trabajo` VALUES (	26	,	26	,'CT-26', 'Centro de trabajo Desc', 'Gabriela Perez','55555555',0,'Domicilio conocido',null,null,null,null,null,null,null,null,null,0);
INSERT INTO `cat_centro_trabajo` VALUES (	27	,	27	,'CT-27', 'Centro de trabajo Desc', 'Gabriela Perez','55555555',0,'Domicilio conocido',null,null,null,null,null,null,null,null,null,0);
INSERT INTO `cat_centro_trabajo` VALUES (	28	,	28	,'CT-28', 'Centro de trabajo Desc', 'Gabriela Perez','55555555',0,'Domicilio conocido',null,null,null,null,null,null,null,null,null,0);
INSERT INTO `cat_centro_trabajo` VALUES (	29	,	29	,'CT-29', 'Centro de trabajo Desc', 'Gabriela Perez','55555555',0,'Domicilio conocido',null,null,null,null,null,null,null,null,null,0);
INSERT INTO `cat_centro_trabajo` VALUES (	30	,	30	,'CT-30', 'Centro de trabajo Desc', 'Gabriela Perez','55555555',0,'Domicilio conocido',null,null,null,null,null,null,null,null,null,0);
INSERT INTO `cat_centro_trabajo` VALUES (	31	,	31	,'CT-31', 'Centro de trabajo Desc', 'Gabriela Perez','55555555',0,'Domicilio conocido',null,null,null,null,null,null,null,null,null,0);
INSERT INTO `cat_centro_trabajo` VALUES (	32	,	32	,'CT-32', 'Centro de trabajo Desc', 'Gabriela Perez','55555555',0,'Domicilio conocido',null,null,null,null,null,null,null,null,null,0);
INSERT INTO `cat_centro_trabajo` VALUES (	33	,	33	,'CT-33', 'Centro de trabajo Desc', 'Gabriela Perez','55555555',0,'Domicilio conocido',null,null,null,null,null,null,null,null,null,0);
INSERT INTO `cat_centro_trabajo` VALUES (	34	,	34	,'CT-34', 'Centro de trabajo Desc', 'Gabriela Perez','55555555',0,'Domicilio conocido',null,null,null,null,null,null,null,null,null,0);
INSERT INTO `cat_centro_trabajo` VALUES (	35	,	35	,'CT-35', 'Centro de trabajo Desc', 'Gabriela Perez','55555555',0,'Domicilio conocido',null,null,null,null,null,null,null,null,null,0);
INSERT INTO `cat_centro_trabajo` VALUES (	36	,	36	,'CT-36', 'Centro de trabajo Desc', 'Gabriela Perez','55555555',0,'Domicilio conocido',null,null,null,null,null,null,null,null,null,0);
INSERT INTO `cat_centro_trabajo` VALUES (	37	,	37	,'CT-37', 'Centro de trabajo Desc', 'Gabriela Perez','55555555',0,'Domicilio conocido',null,null,null,null,null,null,null,null,null,0);
INSERT INTO `cat_centro_trabajo` VALUES (	38	,	38	,'CT-38', 'Centro de trabajo Desc', 'Gabriela Perez','55555555',0,'Domicilio conocido',null,null,null,null,null,null,null,null,null,0);
INSERT INTO `cat_centro_trabajo` VALUES (	39	,	39	,'CT-39', 'Centro de trabajo Desc', 'Gabriela Perez','55555555',0,'Domicilio conocido',null,null,null,null,null,null,null,null,null,0);
INSERT INTO `cat_centro_trabajo` VALUES (	40	,	40	,'CT-40', 'Centro de trabajo Desc', 'Gabriela Perez','55555555',0,'Domicilio conocido',null,null,null,null,null,null,null,null,null,0);
INSERT INTO `cat_centro_trabajo` VALUES (	41	,	41	,'CT-41', 'Centro de trabajo Desc', 'Gabriela Perez','55555555',0,'Domicilio conocido',null,null,null,null,null,null,null,null,null,0);
INSERT INTO `cat_centro_trabajo` VALUES (	42	,	42	,'CT-42', 'Centro de trabajo Desc', 'Gabriela Perez','55555555',0,'Domicilio conocido',null,null,null,null,null,null,null,null,null,0);
INSERT INTO `cat_centro_trabajo` VALUES (	43	,	43	,'CT-43', 'Centro de trabajo Desc', 'Gabriela Perez','55555555',0,'Domicilio conocido',null,null,null,null,null,null,null,null,null,0);
INSERT INTO `cat_centro_trabajo` VALUES (	44	,	44	,'CT-44', 'Centro de trabajo Desc', 'Gabriela Perez','55555555',0,'Domicilio conocido',null,null,null,null,null,null,null,null,null,0);
INSERT INTO `cat_centro_trabajo` VALUES (	45	,	45	,'CT-45', 'Centro de trabajo Desc', 'Gabriela Perez','55555555',0,'Domicilio conocido',null,null,null,null,null,null,null,null,null,0);
INSERT INTO `cat_centro_trabajo` VALUES (	46	,	46	,'CT-46', 'Centro de trabajo Desc', 'Gabriela Perez','55555555',0,'Domicilio conocido',null,null,null,null,null,null,null,null,null,0);
INSERT INTO `cat_centro_trabajo` VALUES (	47	,	47	,'CT-47', 'Centro de trabajo Desc', 'Gabriela Perez','55555555',0,'Domicilio conocido',null,null,null,null,null,null,null,null,null,0);
INSERT INTO `cat_centro_trabajo` VALUES (	48	,	48	,'CT-48', 'Centro de trabajo Desc', 'Gabriela Perez','55555555',0,'Domicilio conocido',null,null,null,null,null,null,null,null,null,0);
INSERT INTO `cat_centro_trabajo` VALUES (	49	,	49	,'CT-49', 'Centro de trabajo Desc', 'Gabriela Perez','55555555',0,'Domicilio conocido',null,null,null,null,null,null,null,null,null,0);
INSERT INTO `cat_centro_trabajo` VALUES (	50	,	50	,'CT-50', 'Centro de trabajo Desc', 'Gabriela Perez','55555555',0,'Domicilio conocido',null,null,null,null,null,null,null,null,null,0);
INSERT INTO `cat_centro_trabajo` VALUES (	51	,	51	,'CT-51', 'Centro de trabajo Desc', 'Gabriela Perez','55555555',0,'Domicilio conocido',null,null,null,null,null,null,null,null,null,0);
INSERT INTO `cat_centro_trabajo` VALUES (	52	,	52	,'CT-52', 'Centro de trabajo Desc', 'Gabriela Perez','55555555',0,'Domicilio conocido',null,null,null,null,null,null,null,null,null,0);
INSERT INTO `cat_centro_trabajo` VALUES (	53	,	53	,'CT-53', 'Centro de trabajo Desc', 'Gabriela Perez','55555555',0,'Domicilio conocido',null,null,null,null,null,null,null,null,null,0);
INSERT INTO `cat_centro_trabajo` VALUES (	54	,	54	,'CT-54', 'Centro de trabajo Desc', 'Gabriela Perez','55555555',0,'Domicilio conocido',null,null,null,null,null,null,null,null,null,0);
INSERT INTO `cat_centro_trabajo` VALUES (	55	,	55	,'CT-55', 'Centro de trabajo Desc', 'Gabriela Perez','55555555',0,'Domicilio conocido',null,null,null,null,null,null,null,null,null,0);
INSERT INTO `cat_centro_trabajo` VALUES (	56	,	56	,'CT-56', 'Centro de trabajo Desc', 'Gabriela Perez','55555555',0,'Domicilio conocido',null,null,null,null,null,null,null,null,null,0);
INSERT INTO `cat_centro_trabajo` VALUES (	57	,	57	,'CT-57', 'Centro de trabajo Desc', 'Gabriela Perez','55555555',0,'Domicilio conocido',null,null,null,null,null,null,null,null,null,0);
INSERT INTO `cat_centro_trabajo` VALUES (	58	,	58	,'CT-58', 'Centro de trabajo Desc', 'Gabriela Perez','55555555',0,'Domicilio conocido',null,null,null,null,null,null,null,null,null,0);
INSERT INTO `cat_centro_trabajo` VALUES (	59	,	59	,'CT-59', 'Centro de trabajo Desc', 'Gabriela Perez','55555555',0,'Domicilio conocido',null,null,null,null,null,null,null,null,null,0);
INSERT INTO `cat_centro_trabajo` VALUES (	60	,	60	,'CT-60', 'Centro de trabajo Desc', 'Gabriela Perez','55555555',0,'Domicilio conocido',null,null,null,null,null,null,null,null,null,0);
INSERT INTO `cat_centro_trabajo` VALUES (	61	,	61	,'CT-61', 'Centro de trabajo Desc', 'Gabriela Perez','55555555',0,'Domicilio conocido',null,null,null,null,null,null,null,null,null,0);
INSERT INTO `cat_centro_trabajo` VALUES (	62	,	62	,'CT-62', 'Centro de trabajo Desc', 'Gabriela Perez','55555555',0,'Domicilio conocido',null,null,null,null,null,null,null,null,null,0);
INSERT INTO `cat_centro_trabajo` VALUES (	63	,	63	,'CT-63', 'Centro de trabajo Desc', 'Gabriela Perez','55555555',0,'Domicilio conocido',null,null,null,null,null,null,null,null,null,0);
INSERT INTO `cat_centro_trabajo` VALUES (	64	,	64	,'CT-64', 'Centro de trabajo Desc', 'Gabriela Perez','55555555',0,'Domicilio conocido',null,null,null,null,null,null,null,null,null,0);
INSERT INTO `cat_centro_trabajo` VALUES (	65	,	65	,'CT-65', 'Centro de trabajo Desc', 'Gabriela Perez','55555555',0,'Domicilio conocido',null,null,null,null,null,null,null,null,null,0);
INSERT INTO `cat_centro_trabajo` VALUES (	66	,	66	,'CT-66', 'Centro de trabajo Desc', 'Gabriela Perez','55555555',0,'Domicilio conocido',null,null,null,null,null,null,null,null,null,0);
INSERT INTO `cat_centro_trabajo` VALUES (	67	,	67	,'CT-67', 'Centro de trabajo Desc', 'Gabriela Perez','55555555',0,'Domicilio conocido',null,null,null,null,null,null,null,null,null,0);
INSERT INTO `cat_centro_trabajo` VALUES (	68	,	68	,'CT-68', 'Centro de trabajo Desc', 'Gabriela Perez','55555555',0,'Domicilio conocido',null,null,null,null,null,null,null,null,null,0);
INSERT INTO `cat_centro_trabajo` VALUES (	69	,	69	,'CT-69', 'Centro de trabajo Desc', 'Gabriela Perez','55555555',0,'Domicilio conocido',null,null,null,null,null,null,null,null,null,0);
INSERT INTO `cat_centro_trabajo` VALUES (	70	,	70	,'CT-70', 'Centro de trabajo Desc', 'Gabriela Perez','55555555',0,'Domicilio conocido',null,null,null,null,null,null,null,null,null,0);
INSERT INTO `cat_centro_trabajo` VALUES (	71	,	71	,'CT-71', 'Centro de trabajo Desc', 'Gabriela Perez','55555555',0,'Domicilio conocido',null,null,null,null,null,null,null,null,null,0);
INSERT INTO `cat_centro_trabajo` VALUES (	72	,	72	,'CT-72', 'Centro de trabajo Desc', 'Gabriela Perez','55555555',0,'Domicilio conocido',null,null,null,null,null,null,null,null,null,0);
INSERT INTO `cat_centro_trabajo` VALUES (	73	,	73	,'CT-73', 'Centro de trabajo Desc', 'Gabriela Perez','55555555',0,'Domicilio conocido',null,null,null,null,null,null,null,null,null,0);
INSERT INTO `cat_centro_trabajo` VALUES (	74	,	74	,'CT-74', 'Centro de trabajo Desc', 'Gabriela Perez','55555555',0,'Domicilio conocido',null,null,null,null,null,null,null,null,null,0);
INSERT INTO `cat_centro_trabajo` VALUES (	75	,	75	,'CT-75', 'Centro de trabajo Desc', 'Gabriela Perez','55555555',0,'Domicilio conocido',null,null,null,null,null,null,null,null,null,0);
INSERT INTO `cat_centro_trabajo` VALUES (	76	,	76	,'CT-76', 'Centro de trabajo Desc', 'Gabriela Perez','55555555',0,'Domicilio conocido',null,null,null,null,null,null,null,null,null,0);
INSERT INTO `cat_centro_trabajo` VALUES (	77	,	77	,'CT-77', 'Centro de trabajo Desc', 'Gabriela Perez','55555555',0,'Domicilio conocido',null,null,null,null,null,null,null,null,null,0);
INSERT INTO `cat_centro_trabajo` VALUES (	78	,	78	,'CT-78', 'Centro de trabajo Desc', 'Gabriela Perez','55555555',0,'Domicilio conocido',null,null,null,null,null,null,null,null,null,0);
INSERT INTO `cat_centro_trabajo` VALUES (	79	,	79	,'CT-79', 'Centro de trabajo Desc', 'Gabriela Perez','55555555',0,'Domicilio conocido',null,null,null,null,null,null,null,null,null,0);
INSERT INTO `cat_centro_trabajo` VALUES (	80	,	80	,'CT-80', 'Centro de trabajo Desc', 'Gabriela Perez','55555555',0,'Domicilio conocido',null,null,null,null,null,null,null,null,null,0);
INSERT INTO `cat_centro_trabajo` VALUES (	81	,	81	,'CT-81', 'Centro de trabajo Desc', 'Gabriela Perez','55555555',0,'Domicilio conocido',null,null,null,null,null,null,null,null,null,0);
INSERT INTO `cat_centro_trabajo` VALUES (	82	,	82	,'CT-82', 'Centro de trabajo Desc', 'Gabriela Perez','55555555',0,'Domicilio conocido',null,null,null,null,null,null,null,null,null,0);
INSERT INTO `cat_centro_trabajo` VALUES (	83	,	83	,'CT-83', 'Centro de trabajo Desc', 'Gabriela Perez','55555555',0,'Domicilio conocido',null,null,null,null,null,null,null,null,null,0);
INSERT INTO `cat_centro_trabajo` VALUES (	84	,	84	,'CT-84', 'Centro de trabajo Desc', 'Gabriela Perez','55555555',0,'Domicilio conocido',null,null,null,null,null,null,null,null,null,0);
INSERT INTO `cat_centro_trabajo` VALUES (	85	,	85	,'CT-85', 'Centro de trabajo Desc', 'Gabriela Perez','55555555',0,'Domicilio conocido',null,null,null,null,null,null,null,null,null,0);
INSERT INTO `cat_centro_trabajo` VALUES (	86	,	86	,'CT-86', 'Centro de trabajo Desc', 'Gabriela Perez','55555555',0,'Domicilio conocido',null,null,null,null,null,null,null,null,null,0);
INSERT INTO `cat_centro_trabajo` VALUES (	87	,	87	,'CT-87', 'Centro de trabajo Desc', 'Gabriela Perez','55555555',0,'Domicilio conocido',null,null,null,null,null,null,null,null,null,0);
INSERT INTO `cat_centro_trabajo` VALUES (	88	,	88	,'CT-88', 'Centro de trabajo Desc', 'Gabriela Perez','55555555',0,'Domicilio conocido',null,null,null,null,null,null,null,null,null,0);
INSERT INTO `cat_centro_trabajo` VALUES (	89	,	89	,'CT-89', 'Centro de trabajo Desc', 'Gabriela Perez','55555555',0,'Domicilio conocido',null,null,null,null,null,null,null,null,null,0);
INSERT INTO `cat_centro_trabajo` VALUES (	90	,	90	,'CT-90', 'Centro de trabajo Desc', 'Gabriela Perez','55555555',0,'Domicilio conocido',null,null,null,null,null,null,null,null,null,0);
INSERT INTO `cat_centro_trabajo` VALUES (	91	,	91	,'CT-91', 'Centro de trabajo Desc', 'Gabriela Perez','55555555',0,'Domicilio conocido',null,null,null,null,null,null,null,null,null,0);
INSERT INTO `cat_centro_trabajo` VALUES (	92	,	92	,'CT-92', 'Centro de trabajo Desc', 'Gabriela Perez','55555555',0,'Domicilio conocido',null,null,null,null,null,null,null,null,null,0);
INSERT INTO `cat_centro_trabajo` VALUES (	93	,	93	,'CT-93', 'Centro de trabajo Desc', 'Gabriela Perez','55555555',0,'Domicilio conocido',null,null,null,null,null,null,null,null,null,0);
INSERT INTO `cat_centro_trabajo` VALUES (	94	,	94	,'CT-94', 'Centro de trabajo Desc', 'Gabriela Perez','55555555',0,'Domicilio conocido',null,null,null,null,null,null,null,null,null,0);
INSERT INTO `cat_centro_trabajo` VALUES (	95	,	95	,'CT-95', 'Centro de trabajo Desc', 'Gabriela Perez','55555555',0,'Domicilio conocido',null,null,null,null,null,null,null,null,null,0);
INSERT INTO `cat_centro_trabajo` VALUES (	96	,	96	,'CT-96', 'Centro de trabajo Desc', 'Gabriela Perez','55555555',0,'Domicilio conocido',null,null,null,null,null,null,null,null,null,0);
INSERT INTO `cat_centro_trabajo` VALUES (	97	,	97	,'CT-97', 'Centro de trabajo Desc', 'Gabriela Perez','55555555',0,'Domicilio conocido',null,null,null,null,null,null,null,null,null,0);
INSERT INTO `cat_centro_trabajo` VALUES (	98	,	98	,'CT-98', 'Centro de trabajo Desc', 'Gabriela Perez','55555555',0,'Domicilio conocido',null,null,null,null,null,null,null,null,null,0);
INSERT INTO `cat_centro_trabajo` VALUES (	99	,	99	,'CT-99', 'Centro de trabajo Desc', 'Gabriela Perez','55555555',0,'Domicilio conocido',null,null,null,null,null,null,null,null,null,0);
INSERT INTO `cat_centro_trabajo` VALUES (	100	,	100	,'CT-100', 'Centro de trabajo Desc', 'Gabriela Perez','55555555',0,'Domicilio conocido',null,null,null,null,null,null,null,null,null,0);
INSERT INTO `cat_centro_trabajo` VALUES (	101	,	101	,'CT-101', 'Centro de trabajo Desc', 'Gabriela Perez','55555555',0,'Domicilio conocido',null,null,null,null,null,null,null,null,null,0);
INSERT INTO `cat_centro_trabajo` VALUES (	102	,	102	,'CT-102', 'Centro de trabajo Desc', 'Gabriela Perez','55555555',0,'Domicilio conocido',null,null,null,null,null,null,null,null,null,0);
INSERT INTO `cat_centro_trabajo` VALUES (	103	,	103	,'CT-103', 'Centro de trabajo Desc', 'Gabriela Perez','55555555',0,'Domicilio conocido',null,null,null,null,null,null,null,null,null,0);
INSERT INTO `cat_centro_trabajo` VALUES (	104	,	104	,'CT-104', 'Centro de trabajo Desc', 'Gabriela Perez','55555555',0,'Domicilio conocido',null,null,null,null,null,null,null,null,null,0);
INSERT INTO `cat_centro_trabajo` VALUES (	105	,	105	,'CT-105', 'Centro de trabajo Desc', 'Gabriela Perez','55555555',0,'Domicilio conocido',null,null,null,null,null,null,null,null,null,0);
INSERT INTO `cat_centro_trabajo` VALUES (	106	,	106	,'CT-106', 'Centro de trabajo Desc', 'Gabriela Perez','55555555',0,'Domicilio conocido',null,null,null,null,null,null,null,null,null,0);
INSERT INTO `cat_centro_trabajo` VALUES (	107	,	107	,'CT-107', 'Centro de trabajo Desc', 'Gabriela Perez','55555555',0,'Domicilio conocido',null,null,null,null,null,null,null,null,null,0);
INSERT INTO `cat_centro_trabajo` VALUES (	108	,	108	,'CT-108', 'Centro de trabajo Desc', 'Gabriela Perez','55555555',0,'Domicilio conocido',null,null,null,null,null,null,null,null,null,0);
INSERT INTO `cat_centro_trabajo` VALUES (	109	,	109	,'CT-109', 'Centro de trabajo Desc', 'Gabriela Perez','55555555',0,'Domicilio conocido',null,null,null,null,null,null,null,null,null,0);
INSERT INTO `cat_centro_trabajo` VALUES (	110	,	110	,'CT-110', 'Centro de trabajo Desc', 'Gabriela Perez','55555555',0,'Domicilio conocido',null,null,null,null,null,null,null,null,null,0);
INSERT INTO `cat_centro_trabajo` VALUES (	111	,	111	,'CT-111', 'Centro de trabajo Desc', 'Gabriela Perez','55555555',0,'Domicilio conocido',null,null,null,null,null,null,null,null,null,0);
INSERT INTO `cat_centro_trabajo` VALUES (	112	,	112	,'CT-112', 'Centro de trabajo Desc', 'Gabriela Perez','55555555',0,'Domicilio conocido',null,null,null,null,null,null,null,null,null,0);
INSERT INTO `cat_centro_trabajo` VALUES (	113	,	113	,'CT-113', 'Centro de trabajo Desc', 'Gabriela Perez','55555555',0,'Domicilio conocido',null,null,null,null,null,null,null,null,null,0);
INSERT INTO `cat_centro_trabajo` VALUES (	114	,	114	,'CT-114', 'Centro de trabajo Desc', 'Gabriela Perez','55555555',0,'Domicilio conocido',null,null,null,null,null,null,null,null,null,0);
INSERT INTO `cat_centro_trabajo` VALUES (	115	,	115	,'CT-115', 'Centro de trabajo Desc', 'Gabriela Perez','55555555',0,'Domicilio conocido',null,null,null,null,null,null,null,null,null,0);
INSERT INTO `cat_centro_trabajo` VALUES (	116	,	116	,'CT-116', 'Centro de trabajo Desc', 'Gabriela Perez','55555555',0,'Domicilio conocido',null,null,null,null,null,null,null,null,null,0);
INSERT INTO `cat_centro_trabajo` VALUES (	117	,	117	,'CT-117', 'Centro de trabajo Desc', 'Gabriela Perez','55555555',0,'Domicilio conocido',null,null,null,null,null,null,null,null,null,0);
INSERT INTO `cat_centro_trabajo` VALUES (	118	,	118	,'CT-118', 'Centro de trabajo Desc', 'Gabriela Perez','55555555',0,'Domicilio conocido',null,null,null,null,null,null,null,null,null,0);
INSERT INTO `cat_centro_trabajo` VALUES (	119	,	119	,'CT-119', 'Centro de trabajo Desc', 'Gabriela Perez','55555555',0,'Domicilio conocido',null,null,null,null,null,null,null,null,null,0);
INSERT INTO `cat_centro_trabajo` VALUES (	120	,	120	,'CT-120', 'Centro de trabajo Desc', 'Gabriela Perez','55555555',0,'Domicilio conocido',null,null,null,null,null,null,null,null,null,0);
INSERT INTO `cat_centro_trabajo` VALUES (	121	,	121	,'CT-121', 'Centro de trabajo Desc', 'Gabriela Perez','55555555',0,'Domicilio conocido',null,null,null,null,null,null,null,null,null,0);
INSERT INTO `cat_centro_trabajo` VALUES (	122	,	122	,'CT-122', 'Centro de trabajo Desc', 'Gabriela Perez','55555555',0,'Domicilio conocido',null,null,null,null,null,null,null,null,null,0);
INSERT INTO `cat_centro_trabajo` VALUES (	123	,	123	,'CT-123', 'Centro de trabajo Desc', 'Gabriela Perez','55555555',0,'Domicilio conocido',null,null,null,null,null,null,null,null,null,0);
INSERT INTO `cat_centro_trabajo` VALUES (	124	,	124	,'CT-124', 'Centro de trabajo Desc', 'Gabriela Perez','55555555',0,'Domicilio conocido',null,null,null,null,null,null,null,null,null,0);
INSERT INTO `cat_centro_trabajo` VALUES (	125	,	125	,'CT-125', 'Centro de trabajo Desc', 'Gabriela Perez','55555555',0,'Domicilio conocido',null,null,null,null,null,null,null,null,null,0);
INSERT INTO `cat_centro_trabajo` VALUES (	126	,	126	,'CT-126', 'Centro de trabajo Desc', 'Gabriela Perez','55555555',0,'Domicilio conocido',null,null,null,null,null,null,null,null,null,0);
INSERT INTO `cat_centro_trabajo` VALUES (	127	,	127	,'CT-127', 'Centro de trabajo Desc', 'Gabriela Perez','55555555',0,'Domicilio conocido',null,null,null,null,null,null,null,null,null,0);
INSERT INTO `cat_centro_trabajo` VALUES (	128	,	128	,'CT-128', 'Centro de trabajo Desc', 'Gabriela Perez','55555555',0,'Domicilio conocido',null,null,null,null,null,null,null,null,null,0);

-- usuario el usuario debe de ser igual al nombre de la urct 
INSERT INTO `usuario` values(1,'administrador','Administrador del Sistema','administrador',1,1,'ROLE_ADMINISTRADOR',1,null,null,null,0);
INSERT INTO `usuario` values(2,'unidad','Unidad','unidad',1,1,'ROLE_UNIDAD',1,null,null,null,0);

INSERT INTO proveedor (`id_proveedor`,`proveedor`,`rfc`,`telefono`,`email`,`direccion`,`representante_legal`,`telefono_representante_legal`,`nombre_gerente_servicio`,`telefono_gerente_servicio`,`email_gerente_servicio`,`fecha_registro`,`fecha_modificacion`,`fecha_baja`,`baja`) 
VALUES (1,'proveedor','rfc_prov','5566778890','email@gmail.com','Direcdcion proveedor','','','','','','2020-11-07 02:50:37',NULL,NULL,0);

